Class,Count,Percentage
No,1233,83.87755102040816
Yes,237,16.122448979591837
