k,inertia,silhouette_score
2,39521.72076876364,0.12021209953619236
3,37675.19169801391,0.09887349450779485
4,36625.620558593306,0.053198620882917255
5,35147.00300428383,0.06691353213119239
6,34153.740271180046,0.0592897835609721
7,33390.2705035875,0.054977006535871384
8,32910.60702521958,0.053837193473961056
9,32532.083435437173,0.05618640245607718
10,32154.714548351887,0.04735082841181832
